wrrg,WRG
WG,wrgERB
ETHeth,eTHerherh
sigma,looksmaxx
sigmas,looksmaxx
WEG,wrgWRG
eeth,WRGERg
wthhrth,wrtrhrtht
sigmas,looksmaxxers
sigmas,tates
wRGRR,HERWRG
4tht,hth
dagn,gg
look,maxxers
look,maxx
srg,sd
wGrwg,rgeR
EFVfrr,GNEE
looks,maxxers
looks,maxx
wRGRWGRGG,GGG
rgWR,rgGG
G,G
g,g
gg,gg
ssgg,RGG
G,G
GH,GG
46uj,hfdqtg
g,g
g,g
rf,f
vvv,vv
fff,f
r,c
wRG,RGwg
gfry,befbg
646um,ryum
thnnnn,nnn
55yh,ntn
erynwryn,tynynw
tyb5,ytntn
rfg,sfb
rgGwrg,GRreg
dv,sDV
wrgrERGerg,errrg
frg,R
WG,rggerg
erERG,ERGEG
\erh,\ghr
rwyj,th
staff,decrypt
WG,AETHTTH
RYRrg,ERETH
Q5Y,Erhe
teh,th
rgw,werrg
WG,wg
wSg,er
qth,qthe
sartfty8i,t76
55yj,wryhe
wrtrttu,4a6u
REGEHH,rartdgb
The Sigmas,Patrick Bateman
rtuea,art6arth
The Jacobean Audience,Elizabeth
thteaer,gaerr
Programming,Me
er,eg
lmcl,leo
test,1
test,1,2,3
leoteam,leo
hi,h
ss,s
hh,h
ddd,d,d,d
aaa,b,a,c
abc,a,bc,c
abc,a,bc,c
abc,a,b,c
abd,a,b,c
abc,a,b,c
abc,a,b,c
anc,a,b,c
milola,leo,lauren,felix
hiya,leo,felix,mark
lads,leo,felix,mar
lads,leol,la,s
hs,a,b,c
abc,a,b,c
abc,b,b,c
abc,a,b,c
abc,a,b,c
abc,a,b,c
abc,a,b,c
abc,a,b,c
abc,a,b,c
abc,a,b,c
abc,a,b,c
abc,a,b,c
abc,a,b,c
jkl,j,k,l
abc,a,b,c
abc,a,b,c
abc,a,b,c
jkl,j,k,l
abc,ab,b,c
abc,a,b,c
abc,a,b,c
